{
    "rc_202.4": [
        1510.2225230191536,
        1329.4285529129238
    ],
    "rc_207.3": [
        1662.3571773068013,
        1531.653510747338
    ],
    "rc_207.2": [
        1589.886989151718,
        1386.1001337064176
    ],
    "rc_205.1": [
        572.6141667267109,
        665.4553364397148
    ],
    "rc_204.4": [
        572.6141667267109,
        572.8197021060313
    ],
    "rc_201.4": [
        1854.3708732982184,
        1129.886452728311
    ],
    "rc_203.2": [
        2283.6262669851067,
        1369.976339718967
    ],
    "rc_206.2": [
        1850.4653733991115,
        1842.3682786571421
    ],
    "rc_206.1": [
        125.24747897735197,
        93.61853932942974
    ],
    "rc_207.1": [
        1964.562053628659,
        1547.401970162121
    ],
    "rc_202.3": [
        2068.2970586171987,
        1256.2860147413783
    ],
    "rc_203.3": [
        2873.9240025424324,
        1413.714275532638
    ],
    "rc_201.3": [
        1688.8758199242368,
        1189.9412201720345
    ],
    "rc_202.1": [
        1844.7571490987148,
        1546.0700550640001
    ],
    "rc_204.2": [
        1663.539673708361,
        1491.2698691961111
    ],
    "rc_206.4": [
        1987.1351297205738,
        1505.1307584793205
    ],
    "rc_208.1": [
        2169.7180936747964,
        1544.199078381709
    ],
    "rc_208.3": [
        1816.9247034189311,
        1618.159856071254
    ],
    "rc_201.2": [
        1472.3855852151364,
        1064.8928926880699
    ],
    "rc_205.4": [
        1876.0759854267337,
        1202.674445390738
    ],
    "rc_205.3": [
        2493.5682617898697,
        1513.7851508878116
    ],
    "rc_201.1": [
        1092.2688718000259,
        1089.303840412822
    ],
    "rc_203.1": [
        1025.0667580388672,
        843.660959794997
    ],
    "rc_207.4": [
        163.938753895419,
        267.657427932286
    ],
    "rc_205.2": [
        1626.1104506403915,
        1060.951443877807
    ],
    "rc_208.2": [
        1538.112548593001,
        1235.4063370274002
    ],
    "rc_204.3": [
        1100.4397769537118,
        949.8629760529329
    ],
    "rc_202.2": [
        786.493083960034,
        602.1354925345639
    ],
    "rc_203.4": [
        837.5997293407652,
        709.3305600268252
    ],
    "rc_206.3": [
        1403.8885553742837,
        1016.8534756985724
    ],
    "rc_204.1": [
        3023.625196497188,
        1915.38316028428
    ]
}
